,image_identifier,norm_poses
0,4755,"[[(0.5151971654872998, 0.026408720898805638), (0.48690484943646384, 0.0), (0.4805960898737538, 0.008918523517060573), (0.5242471390454875, 0.008744424729196787), (0.3694946121215541, 0.010590404499238093), (0.5658332034509488, 0.1698859327926197), (0.3355980870032984, 0.17163740675908706), (0.698287204088219, 0.3567306359973641), (0.301712795911781, 0.37296436977642766), (0.6798008377017569, 0.319899760407632), (0.33119702847851284, 0.5378152117340108), (0.5254262518402342, 0.5336397231137172), (0.4016701154625829, 0.536418407894841), (0.5050200340647564, 0.7736863286091782), (0.4314896073521727, 0.7714853209452677), (0.4871238054538236, 1.0), (0.4805997986178909, 0.9982027256136374)]]"
1,4757,"[[(0.41651651719471994, 0.03785876021821599), (0.42045818842874105, 0.01241485165152273), (0.4191686014969723, 5.551115123125783e-17), (0.4398427865970248, 0.03710177951857463), (0.2416973959131673, 0.022179471117281968), (0.5596282293963671, 0.21237734348805692), (0.17342418718272967, 0.26002866152591186), (0.8265758128172703, 0.4357853850800383), (0.3269506685460928, 0.585649516406213), (0.6662889676908249, 0.36467666092548634), (0.4618207232146154, 0.3145323234480305), (0.5981059802594247, 0.7740012932936571), (0.39409954307567074, 0.8450597402558324), (0.6273798608546043, 0.7286151641307022), (0.4644474110195922, 0.7083609222260967), (0.5132154263213597, 1.0), (0.5112796684904801, 0.8981625622010951)], [(0.5701369303823853, 0.03219497403356464), (0.6052327472579391, 0.019038031507733644), (0.5656828250431967, -1.1102230246251565e-16), (0.723524304698171, 0.0845535467362275), (0.5366831610234757, 0.05199700312904232), (0.7787506895839102, 0.22722199916517982), (0.6139220023971916, 0.2316789315165788), (0.7556652795981424, 0.42456453387193327), (0.2024663713387237, 0.4328887170531692), (0.3830567175608831, 0.09609049400317116), (0.3198417450220066, 0.06511538665268335), (0.7975336286612764, 0.6962142960175155), (0.634989183606955, 0.6708419572887776), (0.48828022200464005, 0.9224122396910954), (0.4900209561685043, 0.8260303589706373), (0.37077125226857277, 0.9923038709218881), (0.49783164577573324, 1.0)]]"
2,4765,"[[(0.49559017803830197, 0.03617211688670585), (0.5493636784132216, 0.0026233368366243015), (0.4649869527131477, 5.551115123125783e-17), (0.6853264157561872, 0.004226415875246192), (0.397826245270007, 0.012501259230519979), (0.7254621829927467, 0.20185921296909637), (0.3860630895042684, 0.16978451970296626), (0.7693025968168441, 0.406853756261243), (0.25247546363550993, 0.32677793827211354), (0.8055867319811577, 0.5536907067448367), (0.1944132680188423, 0.47262438646408955), (0.5536394594619968, 0.6736763399538112), (0.39287785013714116, 0.630278281388806), (0.5527284516460454, 0.9737495556841534), (0.37135171477917434, 0.9071469082902747), (0.5346824145872267, 0.9978492418801282), (0.4126484115233493, 0.9999999999999999)]]"
3,4769,"[[(0.5171852770174548, 0.04472297066957681), (0.5215131167277129, 0.002686422073631567), (0.482852112707051, 1.1102230246251565e-16), (0.6415725968211905, 0.019804900000639114), (0.39807033931535407, 0.02222269529324561), (0.7375594483212228, 0.27926902065716835), (0.33788420071269043, 0.25733401572443326), (0.8329687481329467, 0.613405022471543), (0.16834919063288412, 0.5003267794812244), (0.8227518679633347, 0.8568996062146823), (0.1670312518670533, 0.6995276340303387), (0.6738229724335649, 0.8630135412898248), (0.3901674592907507, 0.6558457399227586), (0.6480919620332779, 0.758634805762394), (0.19503508575646267, 0.7591598267203361), (0.6264226854042221, 0.9628139999633374), (0.19563961985339146, 1.0)]]"
4,4773,"[[(0.3780184504853159, 0.057926999767501375), (0.4132177992699204, 0.014825885340040812), (0.37923560052971106, 0.0007738024984254022), (0.5655556768961381, 0.004876448724256965), (0.3714015367326273, 0.0), (0.6252358017163295, 0.1804952610149939), (0.3729472973322179, 0.20312539022195097), (0.6264862750922011, 0.46698590752475244), (0.34275595170437145, 0.4053489203294862), (0.3373325576612278, 0.4594496399872676), (0.31817851489370497, 0.4674121537528957), (0.6450227968111961, 0.5948225560117251), (0.6818214851062949, 0.5883737769792945), (0.3563925794185101, 0.6527152273251777), (0.3225065890430686, 0.6411251862612308), (0.3381053787671504, 1.0), (0.3196681766146757, 0.9785073350484172)], [(0.45626291553629217, 0.04125304446175093), (0.4596600225971904, -1.1102230246251565e-16), (0.41375163492865463, 0.0164798761734678), (0.5267759806411374, 0.0073351064375457575), (0.32629189896087185, 0.03673891585714062), (0.6340456447587346, 0.20952417116463762), (0.26872942769380714, 0.22456823767996714), (0.7312705723061929, 0.39277260076629505), (0.318668466450303, 0.4735365385100365), (0.5616122769777419, 0.4673129968651111), (0.44106643393901857, 0.5056029973025913), (0.7235102741461019, 0.5541294399558196), (0.3333700711156359, 0.5605988715630692), (0.6229515354612201, 0.640030905950481), (0.4082819240558697, 0.6480498713458063), (0.6163881973459353, 1.0), (0.42278786291742854, 0.964314095346503)]]"
5,4775,"[[(0.6817729777810506, 0.04479615268433168), (0.7020281460389022, 0.002240274809461651), (0.6214643500995121, 0.0), (0.7064842172429868, 0.015819328397012722), (0.4080032572621839, 0.005052109299904739), (0.6404927334763246, 0.1870974908984271), (0.3039909929799819, 0.16889281041333737), (0.78230023751069, 0.41141516418727564), (0.2176997624893099, 0.4043407182218499), (0.5445506036067981, 0.4603558676727957), (0.3391698588754196, 0.474031623702148), (0.4957168635985648, 0.5949668757952002), (0.33528061946066545, 0.5423195822943205), (0.5627846148997827, 0.54989406006251), (0.3153713290869282, 0.5808299828474999), (0.7676075629865473, 1.0), (0.582833673760424, 0.9442585768273943)], [(0.46823364122540645, 0.07829799757734612), (0.4919984369971184, 0.03784316109512065), (0.4569903689482089, 0.04257057338631487), (0.6319225152193284, 1.1102230246251565e-16), (0.4749562535625196, 0.03974552315336166), (0.7268100911131012, 0.20434262117689928), (0.6904155109862993, 0.19683543379840662), (0.5789962553851604, 0.4894165195215956), (0.6108470188593902, 0.43948002022333266), (0.3103970730605565, 0.550908198235363), (0.4490041781405467, 0.5434038520014959), (0.7481923892608138, 0.6028112214295864), (0.6621353462389334, 0.5769669691476911), (0.48245818754162695, 0.6438751466076928), (0.27497986397797103, 0.595149423682259), (0.3522827248506768, 1.0), (0.2518076107391862, 0.9660969264670438)]]"
6,4873,"[[(0.38506869833342416, 0.04684350357754713), (0.41379595637132227, 0.03161380610738013), (0.36911429660186745, 0.017034283930048855), (0.4744445857133912, 0.0), (0.36214071839693596, 0.021758490150583176), (0.5977691656380675, 0.11044548685441313), (0.4630271701804769, 0.13509108084883636), (0.5838577486359386, 0.3336779571541033), (0.3665850133854113, 0.34831002794033017), (0.38338140218700434, 0.5013868430649551), (0.28972411469122783, 0.48450320823712556), (0.7102758853087721, 0.46520663035606447), (0.6228732259887566, 0.5058820773017302), (0.45617664488752574, 0.7454673462687176), (0.4241308221920417, 0.7525014406207722), (0.46789683522878045, 1.0), (0.4620838900165123, 0.9810946355089876)]]"
7,4927,"[[(0.5531085023781577, 0.04428008695704738), (0.5589744846474589, 0.0), (0.5210663183940197, 0.0037232237226845766), (0.688231630216052, 0.016105446139273838), (0.42836437209640843, 0.03570496562025277), (0.8160560566160284, 0.2910673319070427), (0.38408979895632456, 0.21809122130933634), (0.9062044364685824, 0.6336427851090963), (0.2811821980252135, 0.5061564037987808), (0.5642238916901213, 0.7911815533442693), (0.09379556353141749, 0.661607757038213), (0.7555819507528547, 0.8882036920893491), (0.4150265253938541, 0.6381414181055972), (0.6481545947907321, 1.0), (0.22400056300422005, 0.5567917525775197), (0.6657477929443599, 0.8373685704140751), (0.17286415590066068, 0.7889002994394941)]]"
8,4928,"[[(0.45477483474566405, 0.02304640157381077), (0.4757444180818847, 0.0), (0.47033119893028486, 0.002369051949707268), (0.5175037689665573, 0.01674050934264748), (0.37456128389148147, 0.020573892894671986), (0.5851102414480854, 0.17441418419767496), (0.31773022444811344, 0.16646319232593482), (0.6593175246418327, 0.36359849894396823), (0.2572666853720371, 0.37609490033927195), (0.742733314627963, 0.5757848725328099), (0.2954992916856888, 0.5668771966101352), (0.5747325652278629, 0.5829529527643766), (0.40451874807028043, 0.5937370124296395), (0.6214023133075918, 0.932764186238085), (0.4386067318611747, 0.9123931548573839), (0.6549102372464088, 0.9999999999999999), (0.4427625039264528, 0.9803093949286107)]]"
9,5030,"[[(0.5489798613214119, 0.029293966753771383), (0.554146196338811, 1.1102230246251565e-16), (0.5110580842567403, 0.005259678513202692), (0.561000228638913, 0.007266615037280766), (0.4358080874691585, 0.02475898284165079), (0.6300259846264067, 0.1699165873386137), (0.3561861750908405, 0.20085746204620092), (0.7166290595378717, 0.3723961677565474), (0.28337094046212835, 0.45676149445607717), (0.6243880866854973, 0.5963932304390875), (0.4176173389471829, 0.5831655196560326), (0.615427228494108, 0.6230479405651113), (0.4332351035109021, 0.6251314262324958), (0.567506516472749, 0.9450550473806194), (0.46116042464641993, 0.9283860113511107), (0.5722851174912329, 1.0), (0.49724812650030126, 0.9907862215807739)], [(0.4245712882681413, 0.02661389928981206), (0.45656309731030265, 0.0057052455324951845), (0.41706118581957907, 0.0), (0.518203367006224, 0.04227671890365403), (0.39843774592322, 0.027803394531545234), (0.5949444784586722, 0.21312308051378526), (0.2841908788951043, 0.1964784489575192), (0.7263723832584259, 0.5029688177805842), (0.24210363831480386, 0.44074022506307675), (0.8126045498231502, 0.40195380143104376), (0.1873954501768499, 0.5177653936248143), (0.46008616354371157, 0.677753247821121), (0.32127501235823697, 0.6417375168569537), (0.46409707162057934, 0.9493337954266357), (0.30723181349530926, 0.9551597901300326), (0.44840101108796016, 1.0), (0.3046668473869987, 0.9890825121497864)]]"
10,5037,"[[(0.5350258732192993, 0.04119796024849154), (0.5676507158723972, 0.006327416729479229), (0.4967062033512717, 1.1102230246251565e-16), (0.6091432662794937, 0.02866202461755235), (0.42219595009396416, 0.04099900781566673), (0.7227628398548841, 0.2329016540740807), (0.3628504567950357, 0.22454182844017223), (0.7391816015940711, 0.4825095438442162), (0.27867369414995674, 0.429999753807346), (0.37246249330449976, 0.5419149227591271), (0.260818398405929, 0.5602127998518531), (0.6280475571051882, 0.687583890758748), (0.4457999705747675, 0.6733633246611473), (0.6184709034714411, 0.9913806365600952), (0.3549445393390419, 0.910961724116595), (0.6257353758058676, 1.0), (0.3811355136558905, 0.9997548324751575)]]"
11,5372,"[[(0.4982726618030785, 0.033624197545581824), (0.5193000531769978, 1.1102230246251565e-16), (0.4670969662740323, 0.008431239923641975), (0.5801003449534381, 0.01389240657697044), (0.42723764066939074, 0.03607149141823801), (0.7445118449157708, 0.2348386693654485), (0.3878505391826863, 0.14565170866938093), (0.7991570408747022, 0.5235548898221865), (0.2770120381878835, 0.34848409718576756), (0.6014944296230795, 0.6495687185742146), (0.20084295912529782, 0.5120340692318779), (0.6366018802038363, 0.5772570065025361), (0.428555130389601, 0.42857756655241785), (0.5657578113334958, 0.6866174712666305), (0.2726193286157234, 0.5329418150669286), (0.5442411753333017, 1.0), (0.23100053428681144, 0.7781812732514406)]]"
12,5376,"[[(0.6416747297144183, 0.045834940532766266), (0.6617540217438356, 1.1102230246251565e-16), (0.5062449635688409, 0.017856684573973602), (0.7007985381895312, 0.01785698631768251), (0.5176457098447913, 0.04884483302012543), (0.738721702825252, 0.20723429593524056), (0.5378250628633783, 0.23731999656280633), (0.8330489016369789, 0.45262609363872564), (0.2867224941282708, 0.3635211562093936), (0.8241374937063413, 0.5213600105255878), (0.16695109836302136, 0.2616986095239664), (0.7232400156684959, 0.6420417408541381), (0.41118057142969633, 0.555771222862838), (0.5667025828189063, 0.7662116869900955), (0.19502625270725737, 0.6113668427449024), (0.5887926007365687, 1.0), (0.22621847611946744, 0.8387017337858975)]]"
13,5378,"[[(0.2565442934331272, 0.03183585213718598), (0.27932933502580215, 0.0), (0.22407776132072443, 0.01145253785425887), (0.2699788705743359, 0.014583789270203595), (0.1030077276317452, 0.03174682544928897), (0.3506860207880842, 0.1705198045338469), (0.11879139536389832, 0.19959429373480164), (0.4994046495113318, 0.25570090192335304), (0.17419080492216105, 0.40734525261951104), (0.5929943054314918, 0.2857078980139016), (0.38309690113687556, 0.4326224707604075), (0.3803998120770773, 0.5075769046502032), (0.25567643498877307, 0.5330305250670615), (0.7566884358862961, 0.45649055416465834), (0.35685391150271395, 0.4903085310093763), (0.8969922723682547, 1.0), (0.5016912471556572, 0.816316814673669)]]"
14,5447,"[[(0.5325196720408386, 0.0432219197998035), (0.5536573823250334, 0.0), (0.48102853897744435, 0.0019025536195910742), (0.5753163169392425, 0.014273882195940613), (0.40050673975361056, 0.027054150989029135), (0.7291590254198288, 0.22249574945998252), (0.249957108345657, 0.2621487746248404), (0.8668887381582184, 0.49736530693299785), (0.05239349662087711, 0.712480690282918), (0.947606503379123, 0.6810260120081448), (0.33877658923677917, 0.5986905611428996), (0.696759070483219, 0.8397257244187424), (0.36927455872836984, 0.9342367944530057), (0.7167324803370809, 0.9838425228993473), (0.3840852578012167, 1.0), (0.7330258259493228, 0.9272016564054961), (0.3877380544222037, 0.9432761171526232)]]"
15,5481,"[[(0.6345235594284742, 0.041461119302532046), (0.6221568568441868, 0.0), (0.5938573079553595, 0.006458173451490357), (0.7389501856244567, 0.0031665056650453938), (0.5270037963688664, 0.025157937206793657), (0.8006998811791863, 0.20184683711688378), (0.5091277419047305, 0.21721029621635646), (0.90044784387284, 0.46112167055368447), (0.30647898836905735, 0.3952201408352921), (0.7728218657322403, 0.6952738634992017), (0.09955215612716006, 0.4820027452116139), (0.772150801023145, 0.6351668285765932), (0.6924160630150803, 0.6483339618248791), (0.7113060175636026, 0.8457123505882758), (0.4801402018430828, 0.7994050110888986), (0.7516754249910056, 1.0), (0.5487696864450841, 0.9724834655536985)]]"
16,5623,"[[(0.46476600622874054, 0.04465309722971933), (0.5116741655864787, 1.1102230246251565e-16), (0.4581138846009054, 0.004248018314089219), (0.6052407677475378, 0.012458169557769072), (0.3918795634718382, 0.032630554772081544), (0.7113016430425236, 0.261285906149028), (0.3612772138386841, 0.23295901257405693), (0.7276514592733352, 0.5164733900912878), (0.323642023508004, 0.5023347111380413), (0.5173901633017263, 0.6802705469355502), (0.20894181578733934, 0.7336784686209831), (0.5791286620745786, 0.8111034723599839), (0.33613561926977226, 0.801154826028193), (0.7457953344185666, 1.0), (0.3652161959531394, 0.9767625228716468), (0.7910581842126606, 0.9541268824834486), (0.3645252902137214, 0.922910092451219)]]"
17,5796,"[[(0.38866241810437024, 0.04862706024794794), (0.44281262986742265, -1.1102230246251565e-16), (0.36904603419281273, 0.0008861069048043957), (0.528961603546364, 0.019919733650513083), (0.30735535058823077, 0.03843677493417941), (0.6909035376938153, 0.28331492621503246), (0.1710143380304499, 0.2605328356417355), (0.91998372233635, 0.8342675237851934), (0.08001627766364999, 0.6214790422888317), (0.6315838820548071, 0.750671656965809), (0.11144986913895427, 0.8755823347753378), (0.555526204093335, 0.970435434783439), (0.24365444431004568, 0.9846778124360542), (0.5469294754536322, 0.980021225929969), (0.3077576724699505, 1.0), (0.5498258602231119, 0.9531410055600569), (0.3840193162453535, 0.9438206649734564)]]"
18,5816,"[[(0.4670750232371883, 0.025639841487883896), (0.480635404668724, 0.0), (0.4561957655255555, 0.00029978869291991117), (0.5069369597983788, 0.00454900559189908), (0.41449174460298455, 0.009942632860031386), (0.6300281358592386, 0.14409385115499562), (0.33764413460096776, 0.14747245291312472), (0.6684540194764526, 0.31793904011955365), (0.25273382320448556, 0.3178154045256585), (0.5465593489365923, 0.3580490773765359), (0.32027185430786664, 0.33242988365849335), (0.6630641593846973, 0.5267812376534726), (0.45890019304179863, 0.4821765208318598), (0.5340455941840005, 0.7247722700270367), (0.21575065637080137, 0.5581907392389391), (0.7842493436291986, 1.0), (0.21985373448945067, 0.7067856140488433)], [(0.4846808377010883, 0.030556013365699908), (0.4668122190892082, 0.00044861298797482796), (0.4651453119412199, -2.220446049250313e-16), (0.35955748940199384, 0.006198659990760413), (0.3262002136675193, 0.008804238026155486), (0.18472942525435754, 0.1487468623795396), (0.2607196920258803, 0.16839455967426797), (0.17584721554549598, 0.34976151065188765), (0.4042760962754761, 0.3210579379560683), (0.457418982664051, 0.2945729252152427), (0.824152784454504, 0.1326748918755758), (0.21027147464031792, 0.49425732523279486), (0.22231270210706888, 0.5189292425853012), (0.6081899067856187, 0.5754784145481773), (0.6155041584649339, 0.683967425531268), (0.6703060346380878, 1.0), (0.6400395350660637, 0.9994750892901614)], [(0.669267879133149, 0.05689193297758455), (0.6898885768223946, 0.029426131613364825), (0.6266465347986747, 0.03453466656044113), (0.7137643544952006, 0.009905776581437653), (0.7004140507379866, -2.220446049250313e-16), (0.7503475925704786, 0.1813916969467011), (0.7489087487374255, 0.13368797082375616), (0.5427983088738517, 0.32561966527554653), (0.5049490157147789, 0.31099276234414375), (0.24965240742952122, 0.20525895806953898), (0.42529528640204317, 0.2387073169513223), (0.5859154483718287, 0.5062578675745861), (0.5002914317582039, 0.4950010656956505), (0.48941777237797046, 0.7477991406687061), (0.2902489789549989, 0.727931225852779), (0.4650826544092841, 1.0), (0.49578018818883174, 0.9974427714505603)]]"
19,5870,"[[(0.4968267867643551, 0.03343129886331381), (0.5345548407452094, 5.551115123125783e-17), (0.4553487413435322, 0.008406054633585403), (0.5647458794760948, 0.006165337364122059), (0.40553878443491725, 0.027514022683246653), (0.6601847543309117, 0.1675727162485776), (0.33276036968879313, 0.2099375169296272), (0.8212963830616689, 0.3701670963993945), (0.23872239522491262, 0.4474704380997523), (0.9545708742469162, 0.44822125896808596), (0.04542912575308389, 0.6631372148112743), (0.6002728457519759, 0.6048776238942415), (0.4399815735666673, 0.5809054413624608), (0.5352987905504569, 0.8611486296803381), (0.4371358671053852, 0.7725991866214256), (0.5692877266107168, 1.0), (0.4556605408577671, 0.9921672913410422)]]"
20,6023,"[[(0.541972458052869, 0.05934884663850615), (0.5487187375395202, 0.010867380712181962), (0.48628739920300046, 0.00856585187007819), (0.5529010845596607, 0.0), (0.36592928639664946, 0.0077216843523425505), (0.6205371074769942, 0.16254713796770814), (0.26583232028560755, 0.16240111320302442), (0.9954441004091558, 0.461059265282201), (0.004555899590844237, 0.26516891956843547), (0.6800398395613537, 0.4111051760226383), (0.18461338555652895, 0.11071006286354779), (0.5369219151160505, 0.6812175672278835), (0.38836591898410866, 0.6743418325430532), (0.5539847851118499, 0.8540020796586232), (0.3185466407710059, 0.8713471775538526), (0.5596539232134091, 0.8852647262271587), (0.300283801588874, 1.0)]]"
21,6081,"[[(0.3944299423164257, 0.04916815126707408), (0.41144732051834465, -1.1102230246251565e-16), (0.325523444499523, 0.014146954974152526), (0.4461987474900504, 0.004075873045614964), (0.24905006029425114, 0.05267072755808688), (0.5198634427157289, 0.19166800341328838), (0.22482662205891635, 0.18798688480913017), (0.7182870848268994, 0.3534679418910188), (0.1764113532449738, 0.4501745878423762), (0.6825279257741323, 0.30556221188843025), (0.42689013686166755, 0.3404471691757275), (0.45495322511177116, 0.5953059412124557), (0.24088241871913707, 0.6719313537312055), (0.823588646755026, 0.6572590419295377), (0.4562410113544242, 0.6386834809448556), (0.7851243862079045, 1.0), (0.6457453908554089, 0.9028983715151657)]]"
22,6101,"[[(0.5612109120479691, 0.024912913280083382), (0.5709738535558464, 0.008997275136025884), (0.5516895454627555, 0.0), (0.5643278450473337, 0.02358849299255361), (0.4890612275446962, 0.011715310847722593), (0.5757359230698924, 0.14706054185413975), (0.27874134145289964, 0.12983683297140214), (0.6154633349683745, 0.27311416578372216), (0.21641054782386904, 0.2850006884125993), (0.7835894521761309, 0.11396440784673834), (0.31187373182687883, 0.3852391937438766), (0.45122052537533824, 0.4436379527592582), (0.27602598390746613, 0.42049534663930244), (0.4949236271949671, 0.72137909873408), (0.30465289965132164, 0.713774915996904), (0.5089617354097609, 0.9955864497485267), (0.33013649977471443, 1.0)]]"
23,6125,"[[(0.760245786719357, 0.06783183417181504), (0.7800164961708297, 0.03336930605100019), (0.737301126519031, 0.025488660753475), (0.7444122218154499, 0.028270031448924593), (0.5631557630254231, -1.1102230246251565e-16), (0.5507686606040226, 0.21880056901596756), (0.395758431241781, 0.12067367912494209), (0.6649154603200005, 0.4770249704404932), (0.2843251061137421, 0.4631411749586474), (0.8044724713736834, 0.4019411372194064), (0.45185266297685556, 0.4046577885949627), (0.4584136368585984, 0.6668763706497756), (0.19552752862631662, 0.6769433233886049), (0.6070999829087613, 0.8684467128135294), (0.3192723544600946, 1.0), (0.6018733581613256, 0.9792701886813462), (0.32753222084627054, 0.9652679475764117)]]"
24,6232,"[[(0.6252451054145002, 0.05538072416165418), (0.6657645790319732, 0.005455421789401893), (0.5847329698847291, 5.551115123125783e-17), (0.7988671567840027, 0.04308806496387363), (0.5361652761766267, 0.01504502806897079), (0.8446578372017058, 0.2972062657147766), (0.48638044346742415, 0.23937425892124997), (0.9947721132001445, 0.6971939121182851), (0.3971889939515997, 0.5134165508085351), (0.698843931263217, 0.5676380996159073), (0.11182922825039704, 0.45996234464026675), (0.3740274315404142, 0.9713924410932206), (0.3830452846843909, 0.7947730722950153), (0.14746009403158922, 0.8848006178836332), (0.10645849518154976, 0.8794089001367356), (0.005227886799855419, 0.9934985244240173), (0.12061240422018077, 1.0)]]"
25,6414,"[[(0.4987991222633411, 0.03331408843066486), (0.5441478104466471, 0.0), (0.5010131832801862, 0.004095749388368153), (0.576580627740404, 0.0064007919083498566), (0.4966448496889275, 0.009269052159255553), (0.6652113234950239, 0.1988097721614872), (0.4328291694663774, 0.17876522956965535), (0.7013151743061364, 0.4590581503432878), (0.29868482569386356, 0.3573230465949395), (0.48324058397730174, 0.5861466871138302), (0.3402962023246518, 0.31096786642493046), (0.6735860215407852, 0.6205564610963806), (0.4737924974718327, 0.6153192647786463), (0.5259846941131907, 0.8735471556757106), (0.3917053064762099, 0.7689288739971745), (0.5126666957854918, 1.0), (0.49601646347720163, 0.9895620690505049)]]"
26,6415,"[[(0.5220130364524029, 0.026975202029539513), (0.5451880545579066, 0.0), (0.5260566607591701, 0.0031033925728921608), (0.5637134529939448, 0.026363400816986626), (0.4270428765297235, 0.02479062020806211), (0.5575872000655131, 0.1757210784255211), (0.39820953103860524, 0.18136716671915099), (0.6619178426897246, 0.38881234782580754), (0.15566131663361943, 0.39444298300397385), (0.8443386833663806, 0.39604246284812283), (0.37276023780244627, 0.5325651671743066), (0.5432202924526395, 0.5780564517747476), (0.3955420804316765, 0.6298076777294657), (0.6140231111642117, 0.8136822154246708), (0.4323424326363584, 0.7111214252875209), (0.577846236661024, 1.0), (0.36001617620496207, 0.9291720662555203)]]"
27,6463,"[[(0.4853403494272056, 0.0391674925816749), (0.46464489132051645, 0.013159694897731389), (0.3922627719381915, 5.551115123125783e-17), (0.5172276553689785, 0.037612820516811196), (0.32844269515276003, 0.027696030312869824), (0.5551977729759264, 0.22541926232954002), (0.2609274254856732, 0.23000119005894837), (0.6423809618588971, 0.44801586807042393), (0.235073035704648, 0.5250969674691441), (0.764926964295352, 0.6253379624254302), (0.36554132493028335, 0.8249092786473784), (0.5701249400175707, 0.7207391277090072), (0.3801711065257703, 0.6379485954649144), (0.6688823314260836, 0.9306443161153453), (0.3317091108326664, 0.8597889203480373), (0.6563248842173065, 1.0), (0.3756662704372705, 0.8607000680663346)]]"
28,6473,"[[(0.4312621269341046, 0.029353632456977252), (0.4634618829702416, 0.0029891556371720585), (0.44138227426575516, 0.0), (0.5084455879505767, 0.029490224658828335), (0.3482397000966473, 0.026138731446385233), (0.5842363621810982, 0.20045997989651848), (0.3072262572569589, 0.21551654092085237), (0.873851575769248, 0.3721481358452876), (0.19036775738944134, 0.46987544859749), (0.7308505168243077, 0.5765049036626946), (0.12614842423075212, 0.6935358550115426), (0.5478826126459703, 0.7321778943883318), (0.41095700773549193, 0.6662854786112364), (0.5996528350262126, 0.9649970848034467), (0.4278766681284294, 0.8771515855798547), (0.5222767335323759, 1.0), (0.431372694770358, 0.9989158653185094)]]"
29,6480,"[[(0.49776513606977657, 0.03585114513643273), (0.5336656972631718, 0.0), (0.46641288602853315, 0.011037717468699915), (0.6114145876260823, 0.011202153083656519), (0.3765141885210765, 0.024717407758642007), (0.7223922286929382, 0.22130583119411973), (0.3625001891368319, 0.1670021927351517), (0.8153174671354285, 0.4883977202151174), (0.23107778524734135, 0.3415025264443733), (0.775693496024372, 0.7468237534041091), (0.2295213340544775, 0.5123225096790118), (0.5849172102323542, 0.6956308445656051), (0.3610046374000262, 0.5496967792284237), (0.5347174702820416, 0.9881575031363823), (0.2010792741878022, 0.9491362898474793), (0.5288242644251118, 0.9614349250021066), (0.18468253286457142, 1.0)]]"
30,6481,"[[(0.48701597784574135, 0.036984198870743334), (0.5042923765661592, 0.0), (0.44854238084484865, 0.004204858950538237), (0.5522321080238367, 0.019776495136290984), (0.3471743043238025, 0.02581048521324808), (0.5942773701403128, 0.20519323994221744), (0.23748779711349932, 0.22663586693300408), (0.6578508936253648, 0.3630887089161965), (0.15560728679185148, 0.4903886989539835), (0.8443927132081486, 0.4786783285036881), (0.15962156145040202, 0.7333394708677368), (0.6246864585842395, 0.6837224511733774), (0.371263527106934, 0.7288913049087172), (0.6662266530886992, 0.96582158803014), (0.48824270352726895, 1.0), (0.7457331276334165, 0.9351454174389424), (0.5360158986740595, 0.9356803505216016)]]"
31,6550,"[[(0.6899628952364903, 0.04114991323097544), (0.7166891520852234, 1.1102230246251565e-16), (0.593149531910316, 0.012210455699692202), (0.7388012094840043, 0.021250335623456906), (0.5247349106511686, 0.04550217625231162), (0.8297301436286073, 0.2754090208451392), (0.4416306242083517, 0.2645424076073898), (0.8051707759018529, 0.6671683597744276), (0.2544790091982656, 0.46853581552410173), (0.4638095420955247, 0.6940097241449339), (0.1702698563713928, 0.6434929928448623), (0.7442899622680598, 0.822433901582327), (0.4164611191950735, 0.7251246955736959), (0.5035975686666135, 0.8791773653744672), (0.2679525263862005, 0.7802148182665714), (0.4721675825234083, 1.0), (0.3774104216757049, 0.9839249117578015)]]"
32,6670,"[[(0.5178370216461445, 0.027043680733097097), (0.531064813141392, 5.551115123125783e-17), (0.5081404765329762, 0.007801768550207089), (0.559969912487294, 0.009104013718607473), (0.49172007760272696, 0.023675817222209128), (0.6849646507660336, 0.12544251423291675), (0.42099652036709445, 0.16182478712899478), (0.8038000665787908, 0.26196042087795524), (0.35005488925632267, 0.2968083855327597), (0.7698274738774264, 0.36571527843605034), (0.19619993342120912, 0.4388610877515907), (0.5889036315456276, 0.40162950288989174), (0.4808880237932194, 0.42731346030922535), (0.5323230021371357, 0.5839662899299793), (0.44475235549653414, 0.6723918831825499), (0.5064095496312193, 0.9770934282201063), (0.5393421582984514, 1.0)]]"
33,6686,"[[(0.5433997810189933, 0.028099943520337956), (0.5742813902745088, 0.003432799602206771), (0.5571447200842067, 0.0), (0.6203475652715904, 0.035511141533315804), (0.45992956742362845, 0.027449639856970298), (0.7087802598311973, 0.21623110166866555), (0.40324457351149834, 0.214013078795795), (0.882919506774031, 0.42371446221270026), (0.29528873080362517, 0.40743081537704584), (0.8065320967111912, 0.5076632821338373), (0.11708049322596892, 0.5562447774386654), (0.655438006511685, 0.7428334740040963), (0.41052312548545045, 0.7659772181511684), (0.6534332156829271, 1.0), (0.35671925149091055, 0.9688737021485085), (0.6532850896581739, 0.9858610416613212), (0.32957465992603885, 0.9915085829708514)]]"
34,7116,"[[(0.42109989089324673, 0.03244347059509339), (0.4604693120968639, 0.0010585098366118206), (0.3894420162366886, 0.005201425287266581), (0.48777476559508215, -1.1102230246251565e-16), (0.36141519389675436, 0.018870394822621928), (0.5822400047442888, 0.18397869917904203), (0.29080974367403556, 0.16651839578706173), (0.5904893233387941, 0.3771397762662083), (0.3487117823345175, 0.42104610568950795), (0.6144534763582248, 0.2449465192805712), (0.5351801076393018, 0.2225903254447572), (0.47004209375160655, 0.5225185090893607), (0.18194920276158177, 0.5177639416252848), (0.8180507972384183, 0.6443302200618316), (0.5234458198708827, 0.720136026385271), (0.4297394080917042, 1.0), (0.28313348981725195, 0.9925906966057612)], [(0.19296178784135992, 0.02011244109045368), (0.2000047253630447, 0.0), (0.18870335406845246, 0.001571154737608993), (0.21474758905392244, 0.014355162715938674), (0.162696914627234, 0.018125827924476423), (0.21868091761827113, 0.14967740625516307), (0.22074595185063395, 0.15028504408687193), (0.28092406670482595, 0.3056400006925273), (0.24230856318543514, 0.3180375938701958), (0.3657489727081159, 0.26541567066643146), (0.4150715969459001, 0.2713584773268882), (0.3439642361938742, 0.48808512674330895), (0.25525743612545015, 0.4831099970056415), (0.8373030853727661, 0.6701312070963438), (0.6218273736223717, 0.7171963239684339), (0.5271366659310669, 1.0), (0.3789907932040728, 0.9925128689853863)]]"
35,7159,"[[(0.46675168695426494, 0.05409578624885586), (0.5067361399426576, 0.002139647729453742), (0.42939277139910415, 0.024981286714987505), (0.5904041444099115, 5.551115123125783e-17), (0.39619370579020885, 0.04991387921663282), (0.7712185044884334, 0.22632418698421275), (0.4667816921519371, 0.2261203225864985), (0.8981109907066371, 0.5362745206588937), (0.39834325725230124, 0.4689896173617032), (0.7789213885551598, 0.5774726174146596), (0.10188900929336298, 0.5279485854630782), (0.7815936427252113, 0.6178591621814926), (0.535783111035437, 0.5499635773629438), (0.555740579376431, 0.6948219632529946), (0.16972930575416223, 0.6307814722827889), (0.5234562982089921, 1.0), (0.38967879081430756, 0.9141337568535484)]]"
36,7168,"[[(0.4318496905605622, 0.0411697682285464), (0.5110401198675333, 0.014803560190961074), (0.3483324009573925, 0.0), (0.5455919789007949, 0.09742359129150668), (0.26346538854940404, 0.03874861998878909), (0.5672274486550642, 0.3040759115097501), (0.155779709255019, 0.293186160276685), (0.7072520137029207, 0.4350126654033506), (0.17673692711093714, 0.7234297065350677), (0.8651679613047957, 0.4777232736870882), (0.5077960336016605, 0.5568105896292347), (0.5259996453247486, 0.8279122150341673), (0.13483203869520438, 0.976376106029933), (0.7309083592312494, 0.9666906398543629), (0.4889772924111575, 1.0), (0.7329693418268571, 0.9804828010889899), (0.5449949228295727, 0.9782286048949573)]]"
37,7239,"[[(0.36639577229216047, 0.027886391548172296), (0.38690274298130234, 0.0), (0.3633186372211875, 0.005719761588624417), (0.43198819512811293, 0.01956398316409641), (0.2730550556118151, 0.03249740002916024), (0.5444852133230008, 0.2345799150149278), (0.17790185513459195, 0.23131299169205), (0.6837693881904926, 0.2934007807649386), (0.1844929553403119, 0.43338254517765473), (0.822098144865408, 0.41976024626163533), (0.2044863806631449, 0.5832322443951109), (0.5295545907530732, 0.7294830252485456), (0.3194909818199616, 0.6578873748693455), (0.513433095946641, 0.9728591852850141), (0.34557714288264446, 1.0), (0.45562407368963986, 0.9464830360104548), (0.36599186540625606, 0.9473013753188968)]]"
38,7240,"[[(0.627183732115877, 0.03973550560780165), (0.7246282466080386, 1.1102230246251565e-16), (0.6729594577545572, 0.002795085514098017), (0.7869874661677132, 0.025431406251106403), (0.6382421905460129, 0.03956229941080697), (0.8891524272883393, 0.2166572697789494), (0.5776430056017645, 0.1943340112710129), (0.8645948948691122, 0.48730654068780144), (0.3973612668635017, 0.35167495097915935), (0.5901558306251882, 0.44416417988567725), (0.11084757271166057, 0.4449973792095411), (0.77046047700065, 0.619432686888106), (0.5228288090734947, 0.5506143545513329), (0.4687537872176135, 0.7699051931536998), (0.2567916728746341, 0.6167735919601983), (0.34268640457373345, 1.0), (0.24892911623044023, 0.9596874463194627)]]"
39,7252,"[[(0.4701546674719691, 0.02263716137935362), (0.5461067562250481, 0.0), (0.48556956282200603, 0.0025082880542114383), (0.5816400592976986, 0.026513280614839763), (0.42366281314203635, 0.034525007227937), (0.6835124656752773, 0.21200198432658995), (0.39920107379573955, 0.20286930560098376), (0.7520613533370871, 0.42271768117899544), (0.3354656980529614, 0.4205344330048474), (0.6933346920244344, 0.7114216869751233), (0.24793864666291288, 0.5532222912350252), (0.5635680892174902, 0.5687623519113357), (0.4183100409580708, 0.5408677041422321), (0.47618863673291134, 0.7822445102450668), (0.311660591861839, 0.6887319238258757), (0.619842574547796, 1.0), (0.3095273325503278, 0.9472772887029501)]]"
40,7256,"[[(0.5547307622461066, 0.03650688322781914), (0.6032044588941361, 0.0), (0.5137888383703388, 0.011844416426818882), (0.669421186389876, 0.01901137807155473), (0.4374947858850576, 0.05201174354467414), (0.8673985597016751, 0.25243816609138914), (0.41107493137100953, 0.19785118488559295), (0.9125055941670079, 0.549768031238334), (0.2863788553926438, 0.3758985445137857), (0.7228457301468995, 0.6807652376509254), (0.08749440583299195, 0.49487134301408464), (0.7614235877406035, 0.8193989232168151), (0.39387740348214606, 0.7451360181460339), (0.7346075794533646, 1.0), (0.3329621692915017, 0.9484455867890695), (0.7228969372495327, 0.9348629919238682), (0.31711146666944445, 0.9533527631848517)]]"
41,7265,"[[(0.35906748190401805, 0.10025827407198523), (0.41679559998432936, 0.038462881536614923), (0.3125823693362264, 0.0533455790340458), (0.514360728121345, 0.049857313136421666), (0.2560538847504358, 0.0715569527936411), (0.6768928153352437, 0.2927527081521031), (0.13746513190906484, 0.2856879905158889), (1.0, 0.5440937582032317), (0.0, 0.4913604973763629), (0.6331511024950406, 0.5312712871498242), (0.006997056008694491, 0.5769359831722298), (0.6733696590217514, 0.8824457954020086), (0.24630178639624445, 0.809453630529311), (0.8661297143208962, 0.9615371184633852), (0.08636202978351093, 0.9274490096675363), (0.8574035729933936, 0.9604551601889202), (0.3117347041018407, 0.9564014277773896)]]"
42,7274,"[[(0.4786866525203427, 0.027917655701067634), (0.5073544931114564, 1.1102230246251565e-16), (0.4518497357801661, 0.00848845452463376), (0.5072299426938323, 0.011385755475078141), (0.42216116694341377, 0.030032834234155203), (0.6209383268804396, 0.13101520805031563), (0.3822044522763731, 0.143627428778778), (0.6993342034905257, 0.29242224809595085), (0.3311779591853321, 0.3076260623393422), (0.623322290205212, 0.4031138359833444), (0.3006657965094742, 0.3366956517189048), (0.5373485930184503, 0.4438559123641983), (0.4206964546682179, 0.4483111908349242), (0.5516720798767244, 0.7219187564059177), (0.3899362338477388, 0.7173300059213528), (0.5925378875944869, 1.0), (0.3217196330010863, 0.9723639495007954)]]"
43,7409,"[[(0.47333957968574425, 0.0422819525968367), (0.5242146301081915, 0.0), (0.44162189470998137, 0.011761051652198318), (0.5987930958225107, 0.020034202221058395), (0.4127489328685935, 0.03394243295821925), (0.7410806211977286, 0.2543323381008372), (0.34282539188300853, 0.2482508862283732), (0.947330469220115, 0.5777855232525433), (0.23708658627705748, 0.42663416215833716), (0.7726817906291259, 0.8166696350515205), (0.05266953077988512, 0.5623209933435344), (0.601738338758453, 0.9046620407708058), (0.3475730100373453, 0.819559927387094), (0.5184207588663728, 0.9582820717429891), (0.35321058738303646, 0.9810120936745662), (0.5436505491858051, 0.9734223298619983), (0.36250854343646854, 1.0)]]"
44,7414,"[[(0.7743612040658168, 0.05247402165771253), (0.7923257536477428, 0.017660271272721184), (0.7661130548945405, 1.1102230246251565e-16), (0.8015574141407336, 0.052659837970549406), (0.7106052558360088, 0.011035919720085219), (0.8331573347495547, 0.2450808649331513), (0.6473577371474513, 0.17729845646672626), (0.9386082253735988, 0.5763566686717179), (0.5707025849656484, 0.4368179020295797), (0.8378704146766003, 0.7976272404819027), (0.4796534452619621, 0.667595908213998), (0.7332755914392861, 0.7516009321078061), (0.5577834635010606, 0.6472619987484567), (0.6327662847947628, 0.679046148128829), (0.3982327928469689, 0.6959248722469904), (0.48143856220904735, 0.8519720263847597), (0.06139177462640144, 1.0)]]"
45,7420,"[[(0.44104096649469593, 0.04676769800053415), (0.48616434436571143, 0.0), (0.3836598307728949, 0.010226972335677265), (0.579756515826353, 0.014917983752252395), (0.31135844646170513, 0.02182178460037487), (0.7719556823866195, 0.21470417271988157), (0.25992084828022305, 0.2224813171416139), (0.9432980443619299, 0.5412679729916946), (0.09371746549872106, 0.4003465027949954), (0.6342757774217417, 0.6465808791789311), (0.05670195563807001, 0.5310308375687145), (0.48997289122414933, 0.8181901053531653), (0.2773312486957916, 0.637111980923037), (0.4760350964475706, 1.0), (0.2087676200030522, 0.7752762671417992), (0.47336764707458534, 0.9897166039798064), (0.2496970532039252, 0.9970786072757705)]]"
46,7424,"[[(0.5012112032153937, 0.024781874231594392), (0.5022726700183271, 0.0007823084871005914), (0.48665896613592197, 0.0), (0.48848575489579704, 0.01513751468729918), (0.44420769174685004, 0.01775718778722979), (0.5529671777520375, 0.1331985558314699), (0.39272253931937484, 0.13817151223516344), (0.6334956648776331, 0.3389353575252847), (0.36650433512236713, 0.3335161823097601), (0.6102779899207074, 0.38627511285974214), (0.4015119514034594, 0.40128461330525234), (0.5035849937203081, 0.5189902064576062), (0.4244808709222214, 0.5312958191840944), (0.5705448086952689, 0.7112530876374445), (0.4828837961983816, 0.6538969475742511), (0.5671974611693389, 0.9825806075979497), (0.46896689413418247, 1.0)]]"
47,7438,"[[(0.5608998088165799, 0.03280011273849687), (0.5837575574937389, 0.0), (0.541461460882782, 0.00939425271085903), (0.6327722597121692, 0.028153172820669314), (0.449345747466109, 0.04387239717153718), (0.6822548598508593, 0.21165626651372565), (0.43761329465515364, 0.20810526368091914), (0.8063643202570612, 0.3966412453467043), (0.19363567974293883, 0.441572324936072), (0.7735019859119898, 0.5330383555503836), (0.3830658731154181, 0.6507541163131059), (0.6911562926571622, 0.7109673463951471), (0.5259603489889744, 0.743001675856497), (0.7125845095342522, 0.9918266141093273), (0.5082105383275778, 0.9844611765794589), (0.7196023095244822, 0.9920340979993953), (0.5195950306033498, 1.0)]]"
48,8165,"[[(0.6047871450185835, 0.03705060448637443), (0.6038217125953462, 0.014758536974900538), (0.5919776488336503, 0.012155901744988928), (0.5757458586135199, 0.01996437175736493), (0.5010938932674036, 0.0), (0.6327658487289713, 0.15874565060947377), (0.3779071158214802, 0.13897605017087267), (0.7482424142206461, 0.3287429141718605), (0.20665778413313163, 0.2727452973004336), (0.8803338367714527, 0.5100921649361346), (0.1196661632285474, 0.28710780452628804), (0.5401807326143642, 0.48234806203942127), (0.45343657212304256, 0.4705692035567248), (0.6074468363166821, 0.7255520700085123), (0.37171201368617407, 0.7280101970606345), (0.6093800026780051, 0.9666694192741034), (0.36882246659668605, 1.0)], [(0.43126645339869074, 0.07408213127213492), (0.4344594331057894, 0.04610517896746025), (0.4223889140362709, 0.0537625988374677), (0.4713496980491996, 0.06602682780551672), (0.4089945720371124, 0.0752657389484287), (0.5343970779927989, 0.17045758014202028), (0.36017398472572926, 0.18710005903692195), (0.730641883730976, 0.20127659272765885), (0.3046862803326529, 0.3598132297399729), (0.7534531466464183, 0.0), (0.24654685335358173, 0.5058796843227535), (0.4467659305084424, 0.4864395146286352), (0.3757905682961564, 0.4939569006413539), (0.46093125932046264, 0.7855939892361119), (0.38283254195894756, 0.7843534621426211), (0.47569446710783625, 1.0), (0.4218829476039547, 0.9941938586154973)]]"
49,10560,"[[(0.5464098063842917, 0.04111147479942301), (0.5920027297091769, 0.0), (0.5012906651248205, 0.01807403221315773), (0.6332358973335409, 0.038969883865393073), (0.4695444722224129, 0.06576379119615816), (0.7391727944487907, 0.22097192400155174), (0.4501947937005738, 0.2230892444193907), (0.8653532328573302, 0.46170513638366006), (0.3498917901841808, 0.39876209406689667), (0.7518805350102561, 0.6669342306076109), (0.1346467671426697, 0.35693447473876827), (0.7531206539820618, 0.7285202771608634), (0.42405825628935523, 0.7478351551305848), (0.6091094904259119, 0.9642813405669906), (0.4094501736467355, 1.0), (0.6136735454081146, 0.968148162844197), (0.5243702077044884, 0.9822742648705869)]]"
50,250547,"[[(0.40904477429801833, 0.06479709319257465), (0.4080349823649805, 0.029076394906149827), (0.37969324048205433, 0.04632940961689214), (0.4523317848256926, 0.0), (0.39424356986888376, 0.04572871672402279), (0.560662754991255, 0.11236115329514329), (0.5723484732399344, 0.10900478660140023), (0.5673336698971664, 0.281463111272238), (0.5257415963585214, 0.2697563863486613), (0.4822257473297148, 0.38673843560829435), (0.47150660129739475, 0.38430165505448655), (0.6010566723976505, 0.3872895303042527), (0.5451862381950706, 0.38419773564329274), (0.6046015624187132, 0.6874003075366704), (0.47371556363840084, 0.6519365971757367), (0.6203067595179456, 1.0), (0.468714695286902, 0.8212274546755578)]]"
51,485537,"[[(0.6064743807271503, 0.023881089074131112), (0.6683440873096591, 0.0006475317758884991), (0.5096124654396222, 0.0), (0.6277096587340834, 0.023411529495766192), (0.3308634722983303, 0.03084995546186431), (0.7593433912683699, 0.1671708413977369), (0.13223836453399945, 0.17016721839393362), (0.8533914491754228, 0.3612018294369662), (0.1185493355128987, 0.3762559530990047), (0.8814506644871013, 0.48496440359570026), (0.17510482971017238, 0.5071056585624919), (0.6291482508181309, 0.48557955139021813), (0.42207879854901265, 0.509151327765695), (0.6934508466654105, 0.7193718070686663), (0.49894211887781137, 0.7274163961788134), (0.7520597886075953, 0.9784892238503105), (0.42500084014409323, 1.0)]]"
52,485539,"[[(0.5024087626204162, 0.02204939515804094), (0.43467389755049535, 0.005576989984261815), (0.44255671363135296, 5.551115123125783e-17), (0.5091081894976592, 0.013156295395478357), (0.320830153839996, 0.015528925324307108), (0.7710676533601502, 0.15334730834209592), (0.13062441121266255, 0.1439978224149907), (0.8775439983720659, 0.32798717949910716), (0.02646247859710754, 0.31542840729330857), (0.9735375214028925, 0.4935956899277578), (0.15541199651468524, 0.19700709212670764), (0.5449170602934909, 0.4678356158843874), (0.23673765102510702, 0.47974452985112637), (0.5758567245122382, 0.7214731684104554), (0.3204525295869345, 0.7126633225497222), (0.6181553794563646, 1.0), (0.3994677079357484, 0.9826273311690681)]]"
53,485540,"[[(0.44143245626055627, 0.03010076327423339), (0.48100031594411197, 0.00602340111743449), (0.41736111229178774, 0.010614319309420028), (0.5780344111363955, 1.1102230246251565e-16), (0.3984240642586746, 0.017618141466932746), (0.8018618317758858, 0.13488206209858017), (0.1789977860173092, 0.15836964859402408), (0.9492053491242666, 0.3277195145135579), (0.1853631515724421, 0.35326248754653666), (0.9272385610262296, 0.45040272433945017), (0.05079465087573337, 0.5321503461749522), (0.605812746919276, 0.4829621714611819), (0.3442455169621802, 0.4911013577207075), (0.6395179794072233, 0.7255411557446066), (0.24139659217795184, 0.7436745790297395), (0.631564659675177, 1.0), (0.24060156950867934, 0.9928105281668429)]]"
54,485541,"[[(0.3573660869887476, 0.03228419241967695), (0.40921439320830777, 1.1102230246251565e-16), (0.3009146841783399, 0.012962786890893141), (0.5288989585357482, 0.018335372831676744), (0.24222705539348555, 0.03700067947052932), (0.7689008045106868, 0.1708380263164418), (0.12681417584699706, 0.17916250660497662), (0.8421566184928668, 0.36799001986294544), (0.04690274603599276, 0.34980902278933473), (0.9530972539640074, 0.5250158885183943), (0.09920768574430022, 0.5183204147936654), (0.563443246336329, 0.500939990281454), (0.3255756009646008, 0.5035763787125641), (0.5967876190280361, 0.7130344188597848), (0.3397425436414422, 0.7089939236972138), (0.5171216266336318, 0.9600416560878664), (0.35281689606223987, 1.0)]]"
55,5637,"[[(0.6027062594225536, 0.03522985604616724), (0.6177483096490676, 0.008524655188320629), (0.578307921400587, 0.015543580095685516), (0.6263863997343532, 5.551115123125783e-17), (0.5284372924435119, 0.026325680440521138), (0.6870457879464135, 0.1415169379514012), (0.4610477513683283, 0.15485177976969527), (0.805249197262876, 0.279709791762663), (0.3560480482611398, 0.2935029841379312), (0.8542532259868868, 0.3099402502775306), (0.14574677401311326, 0.3336603028834727), (0.5820630455800293, 0.4687666050521354), (0.5137734855599798, 0.47129260914802906), (0.6250170158850281, 0.7197030964111859), (0.5441329217194775, 0.7293812813019114), (0.6180051771820759, 1.0), (0.492860748084755, 0.9857233773838707)]]"
56,5639,"[[(0.517033514683542, 0.04184920422700439), (0.5280541163241247, 0.006182732104641542), (0.4220571709343319, 0.012437545523054039), (0.5417719143099085, 0.0), (0.3842602598774568, 0.022418550178861574), (0.628084734061784, 0.14960385827162415), (0.33951153590517813, 0.18730975137782485), (0.761091817486153, 0.348830938583901), (0.238908182513847, 0.32982150772238883), (0.7299930691722626, 0.48644400175977554), (0.33889029107429225, 0.4209063113589586), (0.5780133678999021, 0.5210843645291158), (0.44657458489942614, 0.5561662610051269), (0.6644326725941052, 0.748634771608093), (0.47836234014255863, 0.7525631547389462), (0.7294495454886042, 0.9740915841990427), (0.4919867189019014, 1.0)]]"
57,5655,"[[(0.5766946618858765, 0.03974248128474761), (0.6149362897074425, 0.0012559627051770827), (0.5463738662936418, 5.551115123125783e-17), (0.6197044280853302, 0.004875832334640506), (0.5054201975219308, 0.005346867944949707), (0.7544956255212933, 0.19152457343708074), (0.4129515925172089, 0.14751653010436838), (0.7923731858566472, 0.29154371774727317), (0.3386520525802106, 0.28193963512042297), (0.7503238402602335, 0.25010307852569613), (0.20762681414335282, 0.3253995609450262), (0.6252539366506871, 0.4648497817159196), (0.49560372519919527, 0.4423741628614276), (0.6413401553815901, 0.7190512567464726), (0.44573881705325624, 0.686518036915343), (0.635291265023283, 0.9739074613256611), (0.4613729567188739, 1.0)]]"
58,5656,"[[(0.5161012818707078, 0.03706443378780766), (0.538701953509691, 0.017242330605632628), (0.5063062663324702, 5.551115123125783e-17), (0.5567672077216016, 0.044383979796475626), (0.43687833443713453, 0.016679667987199498), (0.6124872098414729, 0.16622066102920863), (0.31246264863626694, 0.15314727372764858), (0.7586718132720413, 0.2754516066889563), (0.24132818672795875, 0.3036035108626801), (0.5648725132541573, 0.3138465048433461), (0.2706172546398802, 0.16892651276783954), (0.5458383109575747, 0.49571602577102414), (0.44212964153603374, 0.4922736203465633), (0.5582183037590575, 0.7668144540291751), (0.46119217423005743, 0.7582212430206238), (0.5154550059944588, 0.9999999999999999), (0.4865245218040666, 0.9873379342852079)]]"
59,5658,"[[(0.4780748419009786, 0.03103516039554638), (0.4539737089147271, 0.0007754184285406196), (0.45782344272287134, -1.1102230246251565e-16), (0.5281520099562218, 0.0143595094837633), (0.41732016150108175, 0.009864105369747744), (0.5838293720076088, 0.14970826209458205), (0.32714973004445946, 0.16058390852656812), (0.7309630647808625, 0.34403520508998175), (0.26903693521913763, 0.33957174955466474), (0.7125506549112923, 0.4922019761797384), (0.3157757702323287, 0.4045023385699943), (0.5083125393531419, 0.48943559503761536), (0.34573721586484785, 0.47352691116766044), (0.4871549812702274, 0.7643350368473361), (0.332346054520268, 0.7532219403193539), (0.5443265270764067, 1.0), (0.38783363628161616, 0.9760796529678986)]]"
60,671077,"[[(0.5642325515724576, 0.03935179712090209), (0.5676718490247213, 0.008453447451482465), (0.5537448607307769, 0.007688504886075087), (0.5489055855915487, 0.012442330629116038), (0.5054763906388322, 0.0), (0.5321042961575662, 0.12734756639322498), (0.38466500069209875, 0.11797307864273343), (0.6301099457668838, 0.2927627512726252), (0.32737270968037424, 0.38419277493201043), (0.6726272903196259, 0.3365486759578349), (0.40550333659196014, 0.3074943441475073), (0.45678343654792253, 0.4819698506480685), (0.3658172988467221, 0.49278421186668675), (0.5787594795314137, 0.5912995384012052), (0.4656467477762707, 0.6551341695874253), (0.5381576794796278, 0.9314827729038149), (0.4517452575083969, 1.0000000000000002)], [(0.42327976110932086, 0.02232325641805044), (0.4395808315670866, 0.0077011499293414), (0.4239078258467003, 1.1102230246251565e-16), (0.4729771306007309, 0.006403054064806901), (0.42341793731604693, 0.016849982604059843), (0.5244433381838762, 0.11431247293343988), (0.5356251592441955, 0.09298532606472049), (0.48489820724249044, 0.3372792043311579), (0.4661644654082546, 0.3232607161119575), (0.422792216708056, 0.48587033019807324), (0.41005153765812274, 0.4728793371411134), (0.5596412712191451, 0.4800939293500922), (0.5899484623418771, 0.45439584778667874), (0.48869613355537433, 0.7860796492878019), (0.5005099470307969, 0.7915924728409742), (0.49588103215917634, 1.0), (0.5084807674430545, 0.9921032141399406)]]"
61,8289,"[[(0.4914398799403584, 0.02217356723955438), (0.4346979698638386, 0.0), (0.45518397068041483, 0.0015412437916456634), (0.47447408552387116, 0.029142534284007704), (0.3964737227609631, 0.023127580112022705), (0.5433779013213706, 0.18537808227962793), (0.3075683411559042, 0.17339165276683977), (0.6208162833290188, 0.3471710991478951), (0.26877932086430295, 0.35486768035571803), (0.731220679135697, 0.40992277073522265), (0.47237512724771324, 0.3889991648373118), (0.4636686178330526, 0.5088241748991488), (0.39850335915552904, 0.5163677738822794), (0.4666871009971124, 0.7541256702648029), (0.39809413630985907, 0.7503692482675546), (0.4174454331714714, 0.9897817948184366), (0.3172515492105373, 1.0)], [(0.37363741096523906, 0.018358890763807312), (0.4252517793956202, 5.551115123125783e-17), (0.40559849643621926, 0.001964578313825127), (0.45563933600726714, 0.013102774145164642), (0.3873078715768403, 0.0195191192272966), (0.5444996266752133, 0.153888001345326), (0.3290369255441389, 0.1649503994392693), (0.7473892401143643, 0.3087203774878102), (0.30791729653101474, 0.32317870294980455), (0.5854737826946392, 0.4301996372286415), (0.2609281195042099, 0.4635387418087057), (0.4767894920757273, 0.48687423906399574), (0.3904206208527242, 0.48415344161107343), (0.5049558401890761, 0.7392785552094081), (0.30723129254350434, 0.7506887907674784), (0.5586240909436584, 0.9733217363242639), (0.25261075988563575, 1.0)]]"
62,8380,"[[(0.5785304561776977, 0.03844956776316111), (0.6010699973846438, 5.551115123125783e-17), (0.556371344817423, 0.009148083299753529), (0.6689182920987994, 0.0006908346013574374), (0.4688158728095053, 0.012339222389520843), (0.7641605379944745, 0.12186703806073984), (0.44257999800404796, 0.1326083862964373), (0.8187082838042006, 0.4319205414047034), (0.3821368434650807, 0.31580381569138904), (0.8439007127452647, 0.6483918210440264), (0.15609928725473532, 0.5016950458470858), (0.6303118366352761, 0.5176377841728934), (0.42888115997135584, 0.4257402290042033), (0.547020517721379, 0.8071779616183461), (0.28299835984754923, 0.7423841516200329), (0.4804537308383703, 0.9877628882296281), (0.3589865315045576, 1.0)]]"
63,8382,"[[(0.5033365360643093, 0.031669065777612526), (0.48382637610993817, 0.0), (0.4146412186389397, 0.0040132834104605886), (0.5108215567313595, 0.0015622107707849997), (0.34203885063946327, 0.02448602875211281), (0.703178815221849, 0.21760641369644285), (0.2527117970264788, 0.2387990865822734), (0.7813077806381793, 0.32024136715507134), (0.2186922193618206, 0.49760609435605774), (0.7599636760502648, 0.4374156718576707), (0.2973063018781407, 0.7822847524874078), (0.6602709151060829, 0.6342622408642256), (0.37795244137717243, 0.7542744571199391), (0.6799784019025054, 0.9991358429992478), (0.34616682345026806, 1.0), (0.6607924148282438, 0.9879978847894262), (0.37579425916642484, 0.9626583334397898)]]"
64,8661,"[[(0.5434812346588227, 0.03721089004368411), (0.5215212142280324, 0.0), (0.5211190446151726, 0.01743189004939938), (0.5968115956705682, 0.03113188171240283), (0.5033310760019095, 0.05365296230660571), (0.6923843148170064, 0.2026675508354483), (0.45876410616291674, 0.1844151399893016), (0.7627079056885091, 0.36190493612355257), (0.39508561988280666, 0.35281583296915564), (0.6438064198276581, 0.48320954502471025), (0.27544807818597006, 0.48481691901726853), (0.5797144288571509, 0.5123153964917057), (0.5098146839433595, 0.5008495243069012), (0.4786019435794435, 0.7460671926673705), (0.34088575705198343, 0.7228823901111012), (0.49553762991929495, 0.9900119125515661), (0.2372920943114909, 1.0)]]"
65,8761,"[[(0.603943165436279, 0.02413732908770211), (0.6205481921658431, 0.0), (0.5064876870968179, 0.0037561737915697835), (0.6192310050937514, 0.03839282164554536), (0.45106004126266597, 0.035463241503611964), (0.6373726598964733, 0.26133789293469345), (0.2756283016176091, 0.24532165731138478), (0.7121678838721855, 0.46137601332128997), (0.09596247179391221, 0.6583282080647285), (0.9040375282060877, 0.540110402814071), (0.4544674697469008, 0.5058203086010018), (0.6329757926439105, 0.7680262934699071), (0.3567637169855058, 0.7826777873193542), (0.7774387820104801, 0.9224644338380177), (0.5997655448794216, 0.8862161925792509), (0.7742522172535818, 0.9999983578998644), (0.5824949867914428, 1.0)]]"
66,9067,"[[(0.34722144464899407, 0.039709758291862796), (0.3710960126968402, 0.0036499088149820613), (0.3318334743055604, 1.1102230246251565e-16), (0.3999950163316388, 0.0159124459845435), (0.20282313381194284, 0.00348026638511445), (0.34327126152603815, 0.17808816051790677), (0.1461109990798778, 0.19801838603499633), (0.37356208880214326, 0.43312431289771536), (0.2826885322679267, 0.5095580409321405), (0.5249153264927106, 0.49677860100944926), (0.6100939269264328, 0.5727054813107504), (0.34058081038368837, 0.6813061954138162), (0.23967787312958155, 0.7300808708201392), (0.7929468428981349, 0.70093697218509), (0.8124574189405308, 0.7052636663195642), (0.8538890009201222, 1.0), (0.8522331470662016, 0.9980158575385856)]]"
67,9124,"[[(0.6146559097082388, 0.04369282576791084), (0.6073516271126191, 1.1102230246251565e-16), (0.5658278035569199, 0.0004642531905774683), (0.6932202785025839, 0.02439601018513643), (0.4627837851206247, 0.02337331711594781), (0.8056033145948439, 0.24445126270079998), (0.4003111504109406, 0.26002035846689264), (0.8257306993873216, 0.5674958951765804), (0.22357533046798006, 0.4378727927064727), (0.6274552577696412, 0.8165223882449202), (0.20986240404970935, 0.5531010833078798), (0.7214249084595539, 0.7994223316751523), (0.43263501298329576, 0.7171909805387785), (0.6388630775269901, 1.0), (0.17426930061267837, 0.8929441229600561), (0.6347367504992623, 0.9319968659176427), (0.2289110176019608, 0.9403494526950786)]]"
68,5659,"[[(0.532879096786205, 0.02099899589029186), (0.6076631885052478, 0.005049715042864222), (0.5658033234435673, 0.0035237529634182807), (0.6229131616265593, 0.017096482156365556), (0.529819597515008, 0.0), (0.7053760831423134, 0.1507766396863815), (0.4077639861413177, 0.14796324078335688), (0.8042131507128756, 0.28338899626844827), (0.28172541098680914, 0.29334639462402057), (0.7041250239000039, 0.39939212715232597), (0.19578684928712448, 0.37772860075588455), (0.553953099215063, 0.4899160030678609), (0.41687740828509756, 0.4982047715620116), (0.5634610508771636, 0.7236335457568038), (0.4206682248373165, 0.761176951529583), (0.516726645331019, 0.9471161793224141), (0.409346004388184, 1.0)]]"
69,5662,"[[(0.5251080722601424, 0.01909269417977294), (0.5482890109699795, 0.0011942085510782685), (0.512839850330792, 1.1102230246251565e-16), (0.5669293289573932, 0.02523224536657437), (0.4935287116722141, 0.030461837744264753), (0.6121587045448847, 0.13849961380129833), (0.4267784361342092, 0.1513897499500742), (0.7268105050319865, 0.31107859901591395), (0.3382431013807562, 0.32300459311821283), (0.6852910202171315, 0.4217711026271136), (0.2731894949680135, 0.399711094307859), (0.5641209097720582, 0.40527577548197424), (0.4580713918035523, 0.4101385954971891), (0.5272147908759138, 0.7040157513286286), (0.4902008039685888, 0.701108276547524), (0.6270426268855577, 1.0), (0.543571805638283, 0.9632901607810034)]]"
70,5664,"[[(0.58060375378151, 0.02585034807217823), (0.5471705997108871, 0.0), (0.5555436573732692, 0.018203577794614845), (0.5906133190127718, 0.01202033109216083), (0.5022365359578085, 0.019183278469721787), (0.6844868587504918, 0.1475490379294523), (0.4121975004732208, 0.14237808039825883), (0.7716333684058196, 0.3262026436793939), (0.3720611915625158, 0.29558315244262046), (0.6969210640161839, 0.45452521439043503), (0.2283666315941803, 0.4047780137413083), (0.6011642420256761, 0.5001541586863425), (0.4606587484309218, 0.49622462177414384), (0.6544982066209566, 0.752901096552588), (0.4438905676843917, 0.7261684974157028), (0.5998370427851807, 0.9964614493255561), (0.5959936267776105, 1.0)]]"
71,5667,"[[(0.5880884565613346, 0.0383833405961676), (0.6267835821092418, 1.1102230246251565e-16), (0.5513894666534546, 0.007837151748276205), (0.5986413959642035, 0.013374936887850075), (0.4890745612222136, 0.004810939196555786), (0.7018416490060674, 0.14119862185618537), (0.4346584651264124, 0.14602035775834404), (0.8095713652217488, 0.27915769553995085), (0.24109989129920206, 0.1676513917310566), (0.6652659203245821, 0.22996414937185594), (0.19042863477825123, 0.03275911595780945), (0.6180687131642919, 0.5007559324945472), (0.41675329956038354, 0.5343443937150949), (0.5915275201157986, 0.6949588404875567), (0.43363709075469437, 0.6912560594011649), (0.5174668390996752, 1.0), (0.41345554078980906, 0.9552362455426557)]]"
72,5668,"[[(0.4556640841281425, 0.021380937879187156), (0.4076416848223148, 0.008169512712197402), (0.4282894985632939, -1.1102230246251565e-16), (0.4459012278068144, 0.022900544427286396), (0.35859409733954895, 0.014458748770920016), (0.523052179515642, 0.130623917546967), (0.31059782909712974, 0.14611169133527124), (0.6658083265569411, 0.25212167144098363), (0.19430480285772356, 0.2926479841014553), (0.8056951971422764, 0.21115669031915096), (0.3023454292988521, 0.27311960110252465), (0.5068010193986762, 0.5066376557322603), (0.37785801547224185, 0.49342444421985154), (0.46855703108110247, 0.7563164938324118), (0.36230638601539644, 0.7646567260073633), (0.4217831666384959, 1.0), (0.382650892581173, 0.9973170484859806)]]"
73,5669,"[[(0.5988448973706264, 0.024243619056197985), (0.5428386037553007, 0.0), (0.579754492403842, 0.0010846353166444889), (0.5921032882806616, 0.01917727004174047), (0.5297261254599929, 0.016102689130841175), (0.6843846525028985, 0.16025065203472455), (0.43308351326416483, 0.15689190936207226), (0.7585472622629867, 0.32296209903171114), (0.39175444707596674, 0.2896704311519672), (0.7595195410662585, 0.48735871590753665), (0.24048045893374148, 0.41201356404941036), (0.6262972374814566, 0.4676175050064917), (0.471952420170239, 0.4344392771427491), (0.615579670957571, 0.7215155815764684), (0.4384841205586959, 0.7026063361417084), (0.5710383188625242, 0.9953821040135657), (0.4067924428001073, 1.0)]]"
74,5670,"[[(0.57278872145509, 0.033779963489089626), (0.5514481938581234, 5.551115123125783e-17), (0.5370994479909813, 0.015997813888456947), (0.6101587166407497, 0.010430374364283235), (0.48409976678189126, 0.02872237397734695), (0.7174949094316926, 0.16650191347679116), (0.40745298323741097, 0.17684828864721325), (0.8099171810511192, 0.30453383188567695), (0.31625882688511375, 0.29718875848642956), (0.8016811181809362, 0.38602455879076203), (0.19008281894888085, 0.3372773858565017), (0.6342557723598486, 0.4705787195248715), (0.4806052708451358, 0.4692011066392565), (0.6644686699683721, 0.7123250819049705), (0.45698370087197093, 0.693723689734454), (0.6213393778600385, 0.9727006609227231), (0.5647236942550964, 1.0)]]"
75,5671,"[[(0.5380924776332472, 0.019972143722131075), (0.5857265026394903, 0.005206132435614574), (0.5377101493589271, 0.0), (0.6071337485516728, 0.018571730989189128), (0.46906640096105356, 0.005787554167591302), (0.6795280756020498, 0.1680672511297268), (0.38678140308775555, 0.16069924903071098), (0.7674128465242906, 0.2891111191065612), (0.3105263197793272, 0.3123756357588201), (0.7186994286614299, 0.42211243963668155), (0.23258715347570935, 0.3921256459155422), (0.5442631626034444, 0.543967577917011), (0.45007387298318946, 0.5368830754156747), (0.528906102983303, 0.766799577339998), (0.3900084033825659, 0.7611689514462698), (0.49289007032949317, 1.0), (0.4374466451297312, 0.9815128960534358)]]"
76,5675,"[[(0.5558732935573637, 0.023575483492196625), (0.5737443727005369, 0.0), (0.544815702608137, 0.0016497457751637468), (0.5873307335584329, 0.01733433818780067), (0.5072566627936429, 0.019439786784307578), (0.6705224102386076, 0.13491633768632355), (0.42445449418093506, 0.14279648709091836), (0.8347320766063957, 0.26123484060040947), (0.28889306522260105, 0.21772339896851278), (0.7967270784227227, 0.2949365961319721), (0.16526792339360435, 0.17722037095830623), (0.6071182195037309, 0.44817076017184587), (0.47219721564180195, 0.46754895789754203), (0.6309334570758229, 0.7199888436966735), (0.46767002451048867, 0.7173006741989587), (0.590816679440851, 1.0), (0.475700955870642, 0.9998197509855331)]]"
77,5676,"[[(0.42479573135706994, 0.020317318965556996), (0.4287686299854917, 0.0009797751741281169), (0.4208024528710925, 5.551115123125783e-17), (0.4426087732859354, 0.009440737847165204), (0.3592605333460832, 0.008051716107365048), (0.5245076925160439, 0.13221935343144225), (0.29000769178832964, 0.12851409447231588), (0.6307984780722939, 0.2510757696150949), (0.21439470690066376, 0.3081988302004368), (0.7856052930993362, 0.3526664383295338), (0.3075827591851098, 0.28805573346458546), (0.4382074943391301, 0.4244768840277673), (0.363717883243468, 0.4373977860987155), (0.4835406253435436, 0.6850717083927725), (0.38757857341685265, 0.6885624940280483), (0.4588294067585069, 0.9940252840562388), (0.4058294816175897, 0.9999999999999999)]]"
78,5677,"[[(0.5347762794798236, 0.09571548976743705), (0.5266258949996458, 0.07254230387267113), (0.536351986067737, 0.0732830756695515), (0.6207902401348726, 0.0911245972742949), (0.5197466967597484, 0.08802147985885556), (0.6084592002245508, 0.18516343253685885), (0.46008228437668364, 0.18025806218847773), (0.6741098209613798, 0.3729300094846584), (0.2899823050329323, 0.10755392126050178), (0.7919994404020729, 0.5101415681697556), (0.20800055959792696, -1.1102230246251565e-16), (0.5566445102692026, 0.5112432688424049), (0.4714932328475425, 0.48539873610507), (0.5054137683015856, 0.7655158429243596), (0.4525969934947014, 0.768589667393343), (0.5194536931933882, 0.9966164357684344), (0.4780306407705297, 1.0)], [(0.42322724508703535, 0.04127969226625261), (0.39551306186771296, 0.0), (0.437450610093701, 0.004654299384168281), (0.45425869710228906, 0.020222206997492886), (0.4403852612067536, 0.029599049313923764), (0.5550844025195256, 0.1420193741707112), (0.49849054563764206, 0.14617601265579805), (0.5306538298429468, 0.3440593140371204), (0.48191812824483193, 0.34598734965227784), (0.5479702548838317, 0.40826433479058855), (0.5089916788624347, 0.3979135278610717), (0.5358339741663922, 0.4855178527827846), (0.532340748117281, 0.4796856685154516), (0.5650103737517793, 0.7674818214420043), (0.5597772289825058, 0.7686259873477401), (0.5790116947179809, 1.0), (0.6044869381322866, 0.9948276993839675)]]"
79,5682,"[[(0.4939175021350283, 0.02265851429638699), (0.5029722445893112, 0.0), (0.47010915574898315, 0.004164404281078338), (0.5138141862234642, 0.01202767559058271), (0.42223140462921394, 0.021608178162587144), (0.5676151437210118, 0.15854194529585003), (0.33211085827171394, 0.16453164727240793), (0.7084003231333328, 0.28055610493911576), (0.2914753210073109, 0.2909483703597471), (0.7915433127368854, 0.2678650667653889), (0.20845668726311462, 0.35087304181355494), (0.527502342595154, 0.46597379023516583), (0.41211855114509854, 0.4294909104351007), (0.5087351744420453, 0.7028808034081421), (0.3761818573645642, 0.656819719553126), (0.47224268350266996, 1.0), (0.457177355346008, 0.9678456976944234)]]"
80,5683,"[[(0.43357247971222557, 0.01906989442742474), (0.4325840171771367, 1.1102230246251565e-16), (0.42211062007421396, 0.007322653897603504), (0.4403018207873458, 0.002309891359960403), (0.36560280750280194, 0.02294017816657068), (0.5238441160504491, 0.12968847173863463), (0.2996388741940934, 0.14232762437395324), (0.6626941867548635, 0.22304235625721047), (0.2287158330595186, 0.2967751217882937), (0.8224602574501959, 0.24033961755933714), (0.17753974254980404, 0.372245202732122), (0.4815338286741967, 0.44923108662522027), (0.3611187666173521, 0.460567032223974), (0.5326595253681055, 0.7514181469697025), (0.43294042876848304, 0.7465240306237242), (0.5068813986816914, 0.9601719601278662), (0.4701567456665827, 1.0)]]"
81,5686,"[[(0.5361358003208906, 0.02885978954368662), (0.5464192619055521, 0.004626903370272106), (0.5135395611174989, 0.0047556830923299875), (0.5546423355207952, 5.551115123125783e-17), (0.4504694409453792, 0.0012102748856786527), (0.5856290771669908, 0.1254524027179431), (0.3988267873549026, 0.12266663902943237), (0.7026633583451092, 0.2613438704611435), (0.2973366416548908, 0.29178751004645664), (0.6542842093054381, 0.30206216780108), (0.35997072797152496, 0.4056562533439838), (0.5225730608115015, 0.425955080689572), (0.4800994890229511, 0.4357965017084279), (0.5790165126818542, 0.7063227815282761), (0.45991072229436925, 0.6976961039396401), (0.48632949433849215, 0.9876510516547763), (0.4249066024150916, 1.0)]]"
82,5690,"[[(0.6965658397911945, 0.031073174447416974), (0.7200911455885033, 0.003087511172962687), (0.6753640789461937, 5.551115123125783e-17), (0.7350851170642927, 0.027819871633651072), (0.6212400904173497, 0.009813137096046975), (0.7968112768436743, 0.18907789564476135), (0.5289578957158927, 0.1620553476385434), (0.7809576271481243, 0.37439688395767123), (0.3459477264132733, 0.33663300095257476), (0.5952733762479214, 0.4048738793729989), (0.20318872315632586, 0.14265112800865004), (0.7228748647976816, 0.5314224656092316), (0.5394794830590264, 0.48807136787490457), (0.6821722336785347, 0.7875392230120644), (0.5572403884437179, 0.7215065545994463), (0.6688785255386893, 1.0), (0.6869455203718757, 0.9391655719715137)]]"
83,5691,"[[(0.46839863911981416, 0.05081370514888306), (0.4868811723884481, 0.019232448666416546), (0.43459950310328355, 0.024091443100153542), (0.5044105504667814, 0.0), (0.33700603623079906, 0.011303420103594364), (0.5819468814634877, 0.15263867909982087), (0.31293947272554623, 0.15391585925217077), (0.7254807602996172, 0.2832950177267156), (0.17037434351919406, 0.25992323580464805), (0.9642551391879441, 0.35723220182869875), (0.0357448608120558, 0.12779290631934842), (0.5194698593692698, 0.49457479003528326), (0.3799501873360993, 0.4957679908318635), (0.5524186682817249, 0.7335920682929216), (0.4032837257502806, 0.7449945796006281), (0.5736274748966476, 0.9855576334124152), (0.4386431187501575, 1.0)]]"
85,5948,"[[(0.41421387808967347, 0.04157830747133762), (0.4299155284074426, 0.0), (0.3769032478442512, 0.014931695843935944), (0.5135977063234137, 0.0081183859693299), (0.3404077246792854, 0.031690363101697094), (0.6194438888337105, 0.21552436649101303), (0.27706348119199853, 0.19646127217609166), (0.727274121562324, 0.40991355616929326), (0.11018249214906117, 0.45719298229177285), (0.8898175078509387, 0.5465992613515492), (0.32458042002883336, 0.5261506042944909), (0.5457167342131842, 0.6428232561854903), (0.3252113908577344, 0.690146326877027), (0.566492438813906, 1.0), (0.342534529787382, 0.9883348452783378), (0.5677943775617899, 0.9630949288114885), (0.3684621121445071, 0.9691105463793719)]]"
86,6008,"[[(0.39006331859776666, 0.03304734868334008), (0.4119506649429553, 0.0), (0.3627503809973373, 0.004170339186652994), (0.44013166679095583, 0.022406844608416965), (0.2526349331303914, 0.0383330584084538), (0.5497905954951297, 0.24368407473694664), (0.16133599973057133, 0.2985510080143712), (0.8625727226707802, 0.355758972890448), (0.1374272773292199, 0.6051917744558657), (0.7401488617440917, 0.5096341361703889), (0.22274937690568242, 0.7794892720644622), (0.6069521991798545, 0.7509333889524298), (0.36846446129895283, 0.8151050969689804), (0.6405263466282697, 0.8935239419802776), (0.35451841901958103, 1.0), (0.64340862178281, 0.9807376954697142), (0.36295696522363025, 0.9797093889690067)]]"
87,6060,"[[(0.5846432838846504, 0.04402347229239251), (0.6233948145125758, 5.551115123125783e-17), (0.5443823453207546, 0.01236470292865588), (0.7259912848898551, 0.01798925337424201), (0.5188727725441306, 0.046167575040678144), (0.823138615526606, 0.1680603614189592), (0.4687291629587683, 0.17946664055359973), (0.9587385886844773, 0.48987013868362794), (0.1937767765775329, 0.35730282278633374), (0.9620566242421607, 0.27176283399546297), (0.037943375757839404, 0.3489629377172039), (0.6424437232146003, 0.5600626006189204), (0.4173301866015653, 0.5370543781604619), (0.3467251063855945, 0.8083913531038931), (0.167864722679273, 0.7717146413854765), (0.3045181836250107, 1.0), (0.158918478710519, 0.9951400532022625)]]"
88,6078,"[[(0.37379783120075505, 0.02788817521269832), (0.3734305630607967, 0.0037012912649140306), (0.3669028745067139, 0.013641520197237078), (0.4183115809194351, 0.0), (0.39095388106527773, 0.02497520903887851), (0.5716546500317812, 0.10837522200959665), (0.3977615451214169, 0.1289018745529853), (0.6524555997634554, 0.29074214799872244), (0.3906468375526888, 0.2916359903333505), (0.5249163380335828, 0.3936172478749216), (0.3475444002365444, 0.42506374240869005), (0.6037017961126696, 0.4039943036896977), (0.4850660965235931, 0.41976602660872797), (0.5472297527205492, 0.7137791207470707), (0.4442666192030307, 0.7306097636998559), (0.6210814654369319, 1.0), (0.5334530757036453, 0.98371084163228)], [(0.3319762146974623, 0.05370360320669065), (0.3469208885395215, 0.030481424348433706), (0.41384685605482385, -2.220446049250313e-16), (0.3773508904159961, 0.0663730133284206), (0.3030501712790139, 0.025495204335683308), (0.3985762667777164, 0.19968821392078784), (0.32409876446533736, 0.18567572437131719), (0.5022475647304177, 0.26379813144173103), (0.47992066792219523, 0.2772462767501416), (0.7656717972776003, 0.20880662655096827), (0.755639871368454, 0.22225840170820033), (0.2735503392375268, 0.5536159235390252), (0.2343282027223998, 0.5495961779293388), (0.40195316679986115, 0.6114162822378062), (0.37405030178189846, 0.6156797733325368), (0.3357869533491188, 0.9873176568052249), (0.3265279711818554, 1.0)]]"
89,6097,"[[(0.3953949839363874, 0.030095752714500157), (0.3858642247381425, 0.0), (0.36631816636235726, 0.00565231651834075), (0.5065365712315315, 0.008805372325169092), (0.2901088162341045, 0.030910385588230727), (0.6239279090342541, 0.23184038574371524), (0.26971053144329615, 0.23064208172742418), (0.9620124117459056, 0.39367351686086915), (0.03798758825409443, 0.485952671906273), (0.7765931737451929, 0.5576310741417818), (0.15591639639905325, 0.6729129074410812), (0.6620917056480533, 0.7777763286330737), (0.29816004483395014, 0.6845815980440034), (0.7098944183509882, 0.9706620996508362), (0.3718194549180589, 1.0), (0.7406969514165692, 0.9649582407464103), (0.36254565545403117, 0.933187645089564)]]"
90,6143,"[[(0.5295123534861874, 0.03393323197223597), (0.47554006117916925, -1.1102230246251565e-16), (0.47880830111335304, 0.0009058518670336246), (0.5234392321283436, 0.008928604406583496), (0.34832120742219175, 0.013215152849511358), (0.5580480566115802, 0.16604499216866353), (0.29697524722409074, 0.18507753551888384), (0.6878419136276379, 0.3128450607687514), (0.20919306833902063, 0.38492440891930246), (0.7908069316609792, 0.4139402535505329), (0.35060136364511474, 0.3598266305230805), (0.48719654018824754, 0.5037082396519736), (0.41720640767396067, 0.5219359384654199), (0.552588284842132, 0.6815267197061787), (0.4654982208610452, 0.7845780426306481), (0.48712938810873363, 0.9147640415672804), (0.4500363422640673, 1.0)]]"
91,6145,"[[(0.5439122540203927, 0.030391606373335434), (0.5550210876840042, 0.00694216544046572), (0.5577688507723574, 5.551115123125783e-17), (0.5983738583771424, 0.024494612427854334), (0.42241134620418497, 0.010542907378081667), (0.6274163412693771, 0.2263608235995055), (0.33757840935655153, 0.2228253272966687), (0.7149266302716548, 0.46599405210872447), (0.19624537373570788, 0.42914424668994633), (0.8037546262642922, 0.6634496147447706), (0.31994169855797133, 0.6140649837454382), (0.6139678262539874, 0.7038177270527075), (0.44008566473486865, 0.7161784313170598), (0.7364355533208906, 0.9759625028224519), (0.391724066385287, 1.0), (0.7361517921932222, 0.9741706129038714), (0.3684963188345729, 0.932716208690322)]]"
92,6417,"[[(0.5842267928943062, 0.025381084107728658), (0.6141846832884577, 0.004466114342809968), (0.5625899726912398, 0.0), (0.6317750282490432, 0.019787562344044052), (0.5388316663263373, 0.011777852132218602), (0.7074781086881492, 0.13590443228076776), (0.45824407507977627, 0.12047981430928656), (0.6536805660381722, 0.3472935225435333), (0.41463587952973113, 0.2255446975948171), (0.41101157753897044, 0.4177413135848437), (0.34708318387091464, 0.25456529619017076), (0.6649552213262221, 0.48852302231896505), (0.4700155615460776, 0.4073468486966507), (0.6783372735550321, 0.791165750006197), (0.3425218875392597, 0.6390190968262089), (0.6516783583116689, 1.0), (0.29252189131185086, 0.968409758351545)]]"
93,6428,"[[(0.34500392053724266, 0.06537866884437538), (0.3693217929477492, 0.0014306889882255147), (0.27998027368768286, 0.0334760193994893), (0.4384808190459384, 0.013392985173737548), (0.2353228840725063, 0.07515744712971195), (0.5674712453877053, 0.14023275426930454), (0.18803330460560386, 0.2780127663600543), (0.8363961975748011, 0.09189324680912675), (0.1729123865848004, 0.49478468525366204), (0.6260454047329025, 0.0), (0.16360380242519879, 0.7376119924920422), (0.6756481774976425, 0.6250671693186924), (0.35960823244686047, 0.6650295784761683), (0.6482461939531009, 1.0), (0.38508242940336845, 0.9231430566677379), (0.6358098112922159, 0.9764423967516855), (0.3999192826525816, 0.9885678697725329)]]"
94,6470,"[[(0.4595536673522558, 0.055050701553831294), (0.4708090867251099, 0.0), (0.4097265742525389, 0.029558532387968794), (0.5857404083830674, 0.010842887772049004), (0.3733838933561331, 0.05979966650444357), (0.7647740926668275, 0.2572369654482233), (0.3079750560230996, 0.27134272663621495), (0.8989236710270249, 0.5696282476502661), (0.15198056257560433, 0.5406710669230015), (0.7571127971904138, 0.72525030702197), (0.10107632897297508, 0.3136159146790758), (0.760699909135976, 0.838951089529598), (0.4790282324138174, 0.7545343472561943), (0.8637916691895112, 1.0), (0.2445831410937801, 0.9068211604130638), (0.8502807859896547, 0.9967059714127524), (0.15705169769302868, 0.9904950724077459)]]"
95,6778,"[[(0.6338197702991079, 0.03116824461622375), (0.6197688958226171, 1.1102230246251565e-16), (0.5829697649096907, 0.00030217652566089104), (0.6781816794196651, 0.01991569732246773), (0.4824678238633173, 0.025481415647630956), (0.7245522853688146, 0.21871691805310012), (0.454203256820112, 0.22889072022640344), (0.9086756814529691, 0.4366356156003237), (0.27130404560808935, 0.2595958652964506), (0.8588224541610711, 0.6563141146482305), (0.09132431854703082, 0.25206749268810624), (0.6834257962995746, 0.6904567857602477), (0.5052218449819765, 0.6335257508626021), (0.6847732773307962, 1.0), (0.4476420664442393, 0.9007696481297538), (0.6952210881460352, 0.9440989944544436), (0.49887070005115997, 0.9513996656603272)]]"
96,6784,"[[(0.4519664997020757, 0.042115528894239196), (0.492870549296086, 1.1102230246251565e-16), (0.42988212925897573, 0.015283405644784531), (0.49637626803878676, 0.00935823807395092), (0.3867412398102561, 0.038549889279165916), (0.5775965789802261, 0.1719556643556872), (0.33084385527899185, 0.2051767678234847), (0.6806680712512733, 0.4131905235432395), (0.2494720276441021, 0.4033031833809161), (0.750527972355898, 0.5938862654083317), (0.2965809944894403, 0.39027906020576997), (0.5385190340875564, 0.5602822254969767), (0.4090005737656499, 0.5603829904826352), (0.5122741877573066, 0.7644049242024158), (0.35880381075079315, 0.7013514241783425), (0.5291205368363081, 1.0), (0.43680843761959387, 0.9180956944130592)]]"
97,6973,"[[(0.4073287922726073, 0.015502426895992738), (0.4165109190254469, 0.001884637382936094), (0.41265556210644116, 0.0), (0.4332233209388543, 0.018321421604211074), (0.37494962683750743, 0.016546370337749028), (0.5290799218813087, 0.1313119428880551), (0.25822327223522346, 0.1432375149716682), (0.7117775549538068, 0.28117697254787866), (0.18315155021964413, 0.3063725387720464), (0.8168484497803559, 0.4033886610794416), (0.21355522789549175, 0.4580367019725212), (0.4649399989574696, 0.4062229746924737), (0.31602738030280964, 0.4133586925454107), (0.5639896178296421, 0.7007482443649373), (0.39954349492656804, 0.6944681909409078), (0.5901200154395776, 1.0), (0.4089204268556019, 0.9793976555688226)]]"
